iter,train_loss,train_psnr,lr,val_psnr,val_ssim,elapsed_s
100,0.015806,18.012,1.00e-03,,,10.7
200,0.001474,28.316,1.00e-03,,,15.1
300,0.001184,29.267,9.99e-04,,,19.5
400,0.001059,29.753,9.99e-04,,,23.9
500,0.001055,29.769,9.98e-04,,,28.3
600,0.000949,30.229,9.98e-04,,,32.8
700,0.000892,30.494,9.97e-04,,,37.2
800,0.000897,30.472,9.96e-04,,,41.7
900,0.000845,30.731,9.95e-04,,,46.1
1000,0.000821,30.855,9.94e-04,34.7075,0.92577,61.1
1100,0.000824,30.838,9.93e-04,,,65.6
1200,0.000810,30.915,9.91e-04,,,70.1
1300,0.000787,31.038,9.90e-04,,,74.6
1400,0.000839,30.760,9.88e-04,,,79.1
1500,0.000805,30.945,9.86e-04,,,83.6
1600,0.000798,30.982,9.84e-04,,,88.1
1700,0.000895,30.481,9.82e-04,,,92.6
1800,0.000773,31.120,9.80e-04,,,97.1
1900,0.000758,31.201,9.78e-04,,,101.6
2000,0.000819,30.867,9.76e-04,33.4890,0.92759,111.5
2100,0.000825,30.835,9.73e-04,,,116.0
2200,0.000799,30.973,9.71e-04,,,120.5
2300,0.000837,30.772,9.68e-04,,,125.1
2400,0.000801,30.961,9.65e-04,,,129.7
2500,0.000807,30.933,9.62e-04,,,134.4
2600,0.000803,30.950,9.59e-04,,,139.1
2700,0.000914,30.389,9.56e-04,,,143.8
2800,0.000786,31.044,9.53e-04,,,148.6
2900,0.000785,31.051,9.50e-04,,,153.4
3000,0.000759,31.200,9.46e-04,32.8769,0.92805,163.2
3100,0.000763,31.174,9.42e-04,,,167.9
3200,0.000802,30.959,9.39e-04,,,172.7
3300,0.000748,31.260,9.35e-04,,,177.6
3400,0.000774,31.115,9.31e-04,,,182.5
3500,0.000795,30.997,9.27e-04,,,187.5
3600,0.000755,31.219,9.23e-04,,,192.4
3700,0.000768,31.144,9.19e-04,,,197.4
3800,0.000772,31.123,9.14e-04,,,202.5
3900,0.000813,30.898,9.10e-04,,,207.5
4000,0.000775,31.109,9.05e-04,35.1592,0.92845,217.7
4100,0.000746,31.271,9.01e-04,,,222.6
4200,0.000764,31.168,8.96e-04,,,227.6
4300,0.000762,31.180,8.91e-04,,,232.7
4400,0.000785,31.050,8.86e-04,,,237.9
4500,0.000756,31.213,8.81e-04,,,243.0
4600,0.000781,31.073,8.76e-04,,,248.2
4700,0.000795,30.996,8.71e-04,,,253.4
4800,0.000764,31.167,8.66e-04,,,258.6
4900,0.000760,31.192,8.60e-04,,,263.8
5000,0.000783,31.063,8.55e-04,35.1438,0.92856,274.0
5100,0.000781,31.072,8.49e-04,,,279.0
5200,0.000774,31.113,8.44e-04,,,284.2
5300,0.000745,31.281,8.38e-04,,,289.4
5400,0.000746,31.273,8.32e-04,,,294.6
5500,0.000748,31.260,8.26e-04,,,299.8
5600,0.000932,30.306,8.21e-04,,,305.1
5700,0.000779,31.087,8.14e-04,,,310.4
5800,0.000744,31.286,8.08e-04,,,315.6
5900,0.000745,31.280,8.02e-04,,,320.9
6000,0.000770,31.137,7.96e-04,35.2558,0.92880,331.2
6100,0.000740,31.305,7.90e-04,,,336.4
6200,0.000739,31.314,7.83e-04,,,341.7
6300,0.000732,31.353,7.77e-04,,,347.1
6400,0.000706,31.514,7.70e-04,,,352.4
6500,0.000759,31.195,7.64e-04,,,357.7
6600,0.000772,31.122,7.57e-04,,,363.1
6700,0.000737,31.323,7.50e-04,,,368.4
6800,0.000725,31.396,7.43e-04,,,373.9
6900,0.000715,31.454,7.37e-04,,,379.2
7000,0.000742,31.295,7.30e-04,34.5087,0.92906,389.7
7100,0.000757,31.207,7.23e-04,,,394.9
7200,0.000735,31.335,7.16e-04,,,400.3
7300,0.000707,31.508,7.09e-04,,,405.7
7400,0.000726,31.390,7.02e-04,,,411.1
7500,0.000730,31.369,6.94e-04,,,416.6
7600,0.000768,31.148,6.87e-04,,,422.0
7700,0.000717,31.443,6.80e-04,,,427.5
7800,0.000738,31.321,6.73e-04,,,433.0
7900,0.000707,31.505,6.65e-04,,,438.4
8000,0.000717,31.446,6.58e-04,35.2522,0.92925,448.8
8100,0.000740,31.305,6.51e-04,,,454.1
8200,0.000753,31.230,6.43e-04,,,459.5
8300,0.000782,31.070,6.36e-04,,,464.9
8400,0.000707,31.508,6.28e-04,,,470.4
8500,0.000744,31.285,6.21e-04,,,476.0
8600,0.000745,31.280,6.13e-04,,,481.6
8700,0.000728,31.377,6.05e-04,,,487.2
8800,0.000702,31.535,5.98e-04,,,492.8
8900,0.000708,31.499,5.90e-04,,,498.4
9000,0.000715,31.457,5.82e-04,35.3550,0.92941,509.3
9100,0.000703,31.533,5.75e-04,,,514.6
9200,0.000724,31.401,5.67e-04,,,520.0
9300,0.000740,31.307,5.59e-04,,,525.6
9400,0.000690,31.609,5.52e-04,,,531.1
9500,0.000723,31.409,5.44e-04,,,536.6
9600,0.000717,31.442,5.36e-04,,,542.2
9700,0.000755,31.218,5.28e-04,,,547.9
9800,0.000693,31.595,5.21e-04,,,553.8
9900,0.000703,31.533,5.13e-04,,,559.7
10000,0.000707,31.505,5.05e-04,35.4168,0.92976,570.7
10100,0.000704,31.525,4.97e-04,,,576.2
10200,0.000710,31.487,4.89e-04,,,581.8
10300,0.000665,31.771,4.82e-04,,,587.4
10400,0.000735,31.339,4.74e-04,,,593.1
10500,0.000688,31.627,4.66e-04,,,598.9
10600,0.000722,31.415,4.58e-04,,,604.8
10700,0.000736,31.329,4.51e-04,,,610.6
10800,0.000688,31.624,4.43e-04,,,616.5
10900,0.000710,31.486,4.35e-04,,,622.4
11000,0.000702,31.539,4.28e-04,35.4364,0.93018,633.3
11100,0.000715,31.458,4.20e-04,,,639.0
11200,0.000700,31.552,4.12e-04,,,644.7
11300,0.000708,31.497,4.05e-04,,,650.4
11400,0.000697,31.570,3.97e-04,,,656.1
11500,0.000739,31.313,3.89e-04,,,661.8
11600,0.000714,31.464,3.82e-04,,,667.5
11700,0.000701,31.540,3.74e-04,,,673.2
11800,0.000707,31.508,3.67e-04,,,678.9
11900,0.000704,31.525,3.59e-04,,,684.7
12000,0.000716,31.452,3.52e-04,35.5033,0.93053,695.4
12100,0.000677,31.695,3.45e-04,,,701.0
12200,0.000718,31.438,3.37e-04,,,706.7
12300,0.000689,31.615,3.30e-04,,,712.4
12400,0.000700,31.550,3.23e-04,,,718.1
12500,0.000698,31.560,3.16e-04,,,723.8
12600,0.000693,31.592,3.08e-04,,,729.6
12700,0.000657,31.823,3.01e-04,,,735.4
12800,0.000677,31.697,2.94e-04,,,741.3
12900,0.000707,31.503,2.87e-04,,,747.1
13000,0.000696,31.574,2.80e-04,35.5474,0.93101,758.5
13100,0.000722,31.414,2.73e-04,,,764.2
13200,0.000690,31.613,2.67e-04,,,770.1
13300,0.000661,31.800,2.60e-04,,,775.9
13400,0.000678,31.689,2.53e-04,,,781.8
13500,0.000691,31.603,2.46e-04,,,787.6
13600,0.000675,31.704,2.40e-04,,,793.5
13700,0.000682,31.665,2.33e-04,,,799.3
13800,0.000686,31.638,2.27e-04,,,805.2
13900,0.000676,31.701,2.20e-04,,,811.0
14000,0.000685,31.643,2.14e-04,35.5225,0.93122,822.6
14100,0.000661,31.796,2.08e-04,,,828.3
14200,0.000686,31.639,2.02e-04,,,834.1
14300,0.000650,31.871,1.96e-04,,,840.0
14400,0.000698,31.560,1.89e-04,,,845.8
14500,0.000670,31.739,1.84e-04,,,851.7
14600,0.000676,31.700,1.78e-04,,,857.5
14700,0.000687,31.632,1.72e-04,,,863.3
14800,0.000686,31.638,1.66e-04,,,869.2
14900,0.000708,31.499,1.61e-04,,,875.0
15000,0.000689,31.620,1.55e-04,35.6095,0.93144,886.1
15100,0.000694,31.585,1.50e-04,,,891.8
15200,0.000690,31.613,1.44e-04,,,897.6
15300,0.000666,31.763,1.39e-04,,,903.4
15400,0.000697,31.568,1.34e-04,,,909.3
15500,0.000669,31.747,1.29e-04,,,915.1
15600,0.000680,31.678,1.24e-04,,,921.0
15700,0.000693,31.595,1.19e-04,,,926.8
15800,0.000702,31.535,1.14e-04,,,932.7
15900,0.000693,31.595,1.09e-04,,,938.5
16000,0.000676,31.703,1.05e-04,35.6144,0.93150,949.6
16100,0.000669,31.743,1.00e-04,,,955.3
16200,0.000678,31.687,9.56e-05,,,961.2
16300,0.000677,31.691,9.13e-05,,,967.0
16400,0.000683,31.655,8.71e-05,,,972.9
16500,0.000687,31.631,8.29e-05,,,978.7
16600,0.000674,31.715,7.89e-05,,,984.5
16700,0.000690,31.612,7.50e-05,,,990.4
16800,0.000674,31.716,7.12e-05,,,996.3
16900,0.000643,31.915,6.75e-05,,,1002.1
17000,0.000678,31.687,6.40e-05,35.6240,0.93162,1013.2
17100,0.000674,31.713,6.05e-05,,,1018.9
17200,0.000682,31.660,5.71e-05,,,1024.8
17300,0.000684,31.649,5.39e-05,,,1030.7
17400,0.000678,31.685,5.07e-05,,,1036.5
17500,0.000686,31.637,4.77e-05,,,1042.4
17600,0.000693,31.593,4.48e-05,,,1048.2
17700,0.000688,31.625,4.20e-05,,,1054.1
17800,0.000693,31.595,3.93e-05,,,1059.9
17900,0.000714,31.466,3.67e-05,,,1065.7
18000,0.000694,31.588,3.42e-05,35.6397,0.93169,1077.0
18100,0.000681,31.669,3.19e-05,,,1082.7
18200,0.000678,31.685,2.97e-05,,,1088.5
18300,0.000695,31.583,2.75e-05,,,1094.4
18400,0.000680,31.674,2.56e-05,,,1100.2
18500,0.000694,31.585,2.37e-05,,,1106.1
18600,0.000684,31.650,2.19e-05,,,1111.9
18700,0.000694,31.588,2.03e-05,,,1117.8
18800,0.000706,31.513,1.88e-05,,,1123.6
18900,0.000676,31.698,1.74e-05,,,1129.5
19000,0.000686,31.636,1.61e-05,35.6413,0.93170,1141.0
19100,0.000672,31.726,1.49e-05,,,1146.7
19200,0.000673,31.720,1.39e-05,,,1152.6
19300,0.000682,31.665,1.30e-05,,,1158.5
19400,0.000678,31.686,1.22e-05,,,1164.4
19500,0.000723,31.409,1.15e-05,,,1170.2
19600,0.000686,31.637,1.10e-05,,,1176.1
19700,0.000658,31.817,1.05e-05,,,1181.9
19800,0.000695,31.581,1.02e-05,,,1187.8
19900,0.000699,31.553,1.01e-05,,,1193.6
20000,0.000680,31.678,1.00e-05,35.6487,0.93169,1204.8
